{
  "decollide (collision)": 424270.84763049387,
  "decollide (clean)": 427495.1103499325
}